{
  "storage_area": {
    "x": 0.2776984721000866,
    "y": 2.060678602628722,
    "qz": 0.625571981147595,
    "qw": 0.7801664542923343
  },
  "construction_area": {
    "x": -1.3127282120087587,
    "y": 1.5711201710721678,
    "qz": 0.9663245839316487,
    "qw": -0.257326249126136
  }
}